scope,run,name,profile,mode,load,p_err,p_skip,p_atk,n_handovers,n_injected,n_detected,n_injected_undetected,n_mislabels_injected,n_mislabels_detected,n_mislabels_undetected,M3s,M3s_ci_low,M3s_ci_high
phase,stressed,P0_pre_event,flood,B2,1.0,0.01,0.005,0.002,120,9,8,1,3,2,1,0.6667,0.2077,0.9385
phase,stressed,P1_data_baseplate,flood,B2,1.6,0.02,0.01,0.005,192,27,23,4,7,3,4,0.4286,0.1582,0.7495
phase,stressed,P2_model_inference,flood,B2,2.2,0.03,0.015,0.01,264,22,18,4,8,4,4,0.5,0.2152,0.7848
phase,stressed,P3_warning,flood,B2,3.0,0.06,0.04,0.02,360,70,66,4,16,12,4,0.75,0.505,0.8982
phase,stressed,P4_dispatch,flood,B2,3.2,0.08,0.06,0.03,384,132,119,13,42,29,13,0.6905,0.5397,0.8093
phase,stressed,P5_recession,flood,B2,1.2,0.02,0.01,0.005,144,18,16,2,4,2,2,0.5,0.15,0.85
phase,nominal,P0_pre_event,flood,B2,1.0,0.01,0.005,0.002,120,9,8,1,3,2,1,0.6667,0.2077,0.9385
phase,nominal,P1_data_baseplate,flood,B2,1.6,0.01,0.005,0.002,192,11,10,1,2,1,1,0.5,0.0945,0.9055
phase,nominal,P2_model_inference,flood,B2,2.2,0.01,0.005,0.002,264,15,14,1,3,2,1,0.6667,0.2077,0.9385
phase,nominal,P3_warning,flood,B2,3.0,0.01,0.005,0.002,360,25,20,5,7,2,5,0.2857,0.0822,0.6411
phase,nominal,P4_dispatch,flood,B2,3.2,0.01,0.005,0.002,384,32,27,5,7,2,5,0.2857,0.0822,0.6411
phase,nominal,P5_recession,flood,B2,1.2,0.01,0.005,0.002,144,11,11,0,1,1,0,1.0,0.2065,1.0
scenario,,B0_none,flood,B0,,0.02,0.01,0.01,1200,5414,5414,0,0,0,0,,,
scenario,,B1_partial,flood,B1,,0.02,0.01,0.01,1200,2814,2814,0,0,0,0,,,
scenario,,S0_full_baseline,flood,B2,,0.02,0.01,0.01,1200,93,83,10,24,14,10,0.5833,0.3883,0.7553
scenario,,S1_mislabel_high,flood,B2,,0.15,0.01,0.01,1200,374,297,77,183,106,77,0.5792,0.5068,0.6484
scenario,,S2_unsigned_high,flood,B2,,0.02,0.1,0.01,1200,196,186,10,24,14,10,0.5833,0.3883,0.7553
scenario,,S3_mesh_topology,flood,B2,,0.02,0.01,0.01,1200,93,83,10,24,14,10,0.5833,0.3883,0.7553
scenario,,S4_adversarial,flood,B2,,0.02,0.01,0.08,1200,178,168,10,24,14,10,0.5833,0.3883,0.7553
scenario,,S5_scale_N12,flood,B2,,0.02,0.01,0.01,1200,93,83,10,24,14,10,0.5833,0.3883,0.7553
scenario,,S6_transport_baseline,transport,B2,,0.02,0.01,0.01,1200,105,90,15,28,13,15,0.4643,0.2953,0.6419
scenario,,S6b_transport_adv,transport,B2,,0.02,0.01,0.08,1200,176,161,15,28,13,15,0.4643,0.2953,0.6419
